ORD;CODE;REGIONS/DISTRICTS;GEOLOC;NIVEAU;Population à moins de 5 km d'un centre de santé (%);Population entre 5 et 15 km d'un centre de santé (%);Population au délà de 15 km d'un centre de santé (%);Population au délà de 5 km d'un centre de santé (%);;;
ORD;CODE;ADM_NAME;GEOLOC;LEVEL;FD1;FD2;FD3;FD4; ;FD1;Population à moins de 5 km d'un centre de santé (%)
1;R02;ABIDJAN 2;N/A;REGION;88,5;5;6,5;11,5;;FD2;Population entre 5 et 15 km d'un centre de santé (%)
2;D76;ABOBO EST;YES;DISTRICT;88,4;7,8;3,8;11,6;;FD3;Population au délà de 15 km d'un centre de santé (%)
3;D77;ABOBO OUEST;YES;DISTRICT;100;0;0;0;;FD4;Population au délà de 5 km d'un centre de santé (%)
4;D78;ANYAMA;YES;DISTRICT;88,9;8,6;2,5;11,1;;;
5;D79;COCODY BINGERVILLE;YES;DISTRICT;70,1;13,4;16,5;29,9;;;
6;D80;KOUMASSI-PORT-BOUET-VRIDI;YES;DISTRICT;93,9;1;5,1;6,1;;;
7;D81;MARCORY-TREICHVILLE;YES;DISTRICT;93,4;0;6,6;6,6;;;
8;R01;ABIDJAN 1-GRANDS PONTS;N/A;REGION;86,3;5;8,7;13,7;;;
9;D82;ADJAME-PLATEAU-ATTECOUBE;YES;DISTRICT;100;0;0;0;;;
10;D26;DABOU;YES;DISTRICT;80,5;18,6;1;19,5;;;
11;D38;GRAND-LAHOU;YES;DISTRICT;51,1;37,3;11,6;48,9;;;
12;D43;JACQUEVILLE;YES;DISTRICT;75,3;23,7;1;24,7;;;
13;D83;YOPOUGON-EST;YES;DISTRICT;100;0;0;0;;;
14;D84;YOPOUGON-OUEST-SONGON;YES;DISTRICT;67,2;3,1;29,7;32,8;;;
15;R03;AGNEBY-TIASSA-ME;N/A;REGION;77,9;15,1;6,9;22,1;;;
16;D05;ADZOPE;YES;DISTRICT;82;17,1;0,9;18;;;
17;D06;AGBOVILLE;YES;DISTRICT;83,1;12,5;4,4;16,9;;;
18;D08;AKOUPE;YES;DISTRICT;87,2;10,3;2,6;12,8;;;
19;D09;ALEPE;YES;DISTRICT;80,9;10;9;19,1;;;
20;D61;SIKENSI;YES;DISTRICT;73,8;15;11,2;26,2;;;
21;D67;TIASSALE;YES;DISTRICT;60,6;23,6;15,8;39,4;;;
22;R04;BELIER;N/A;REGION;72,8;24,3;2,9;27,2;;;
23;D30;DIDIEVI;YES;DISTRICT;54,5;43,8;1,7;45,5;;;
24;D68;TIEBISSOU;YES;DISTRICT;41,9;48,6;9,4;58,1;;;
25;D71;TOUMODI;YES;DISTRICT;73,8;20,7;5,6;26,2;;;
26;D73;YAMOUSSOUKRO;YES;DISTRICT;85,8;14;0,3;14,2;;;
27;R05;BOUNKANI-GONTOUGO;N/A;REGION;57,7;35,4;6,9;42,3;;;
28;D15;BONDOUKOU;YES;DISTRICT;65,4;23,4;11,2;34,6;;;
29;D22;BOUNA;YES;DISTRICT;39,3;58,5;2,3;60,7;;;
30;D52;NASSIAN;YES;DISTRICT;49,1;31;19,9;50,9;;;
31;D65;TANDA;YES;DISTRICT;63,6;33,9;2,5;36,4;;;
32;R06;CAVALLY-GUEMON;N/A;REGION;63,4;28,6;8;36,6;;;
33;D10;BANGOLO;YES;DISTRICT;57,5;33,3;9,3;42,5;;;
34;D13;BLOLEQUIN;YES;DISTRICT;60,5;30,2;9,3;39,5;;;
35;D33;DUEKOUE;YES;DISTRICT;74,9;21;4,1;25,1;;;
36;D40;GUIGLO;YES;DISTRICT;55,9;34,8;9,3;44,1;;;
37;D46;KOUIBLY;YES;DISTRICT;60,3;27,7;12;39,7;;;
38;D70;TOULEPLEU;YES;DISTRICT;65;27,9;7,1;35;;;
39;R07;GBEKE;N/A;REGION;79;13,7;7,3;21;;;
40;D20;BEOUMI;YES;DISTRICT;54,1;30,1;15,8;45,9;;;
41;D17;BOUAKE NORD-EST;YES;DISTRICT;88;9;3;12;;;
42;D18;BOUAKE NORD-OUEST;YES;DISTRICT;85;7;8;15;;;
43;D19;BOUAKE-SUD;YES;DISTRICT;88;9;3;12;;;
44;D21;SAKASSOU;YES;DISTRICT;57,1;31,4;11,5;42,9;;;
45;R08;GBOKLE-NAWA-SAN-PEDRO;N/A;REGION;36,7;49,7;13,6;63,3;;;
46;D39;GUEYO;YES;DISTRICT;21,2;33,5;45,2;78,8;;;
47;D58;SAN-PEDRO;YES;DISTRICT;53,7;32,6;13,7;46,3;;;
48;D59;SASSANDRA;YES;DISTRICT;42,5;50;7,5;57,5;;;
49;D63;SOUBRE;YES;DISTRICT;23,3;65,6;11,1;76,7;;;
50;D64;TABOU;YES;DISTRICT;46,3;32,5;21,2;53,7;;;
51;R09;GÔH;N/A;REGION;66,7;18,9;14,3;33,3;;;
52;D36;GAGNOA;YES;DISTRICT;65,5;16,6;17,9;34,5;;;
53;D56;OUME;YES;DISTRICT;69,4;24;6,6;30,6;;;
54;R10;HAMBOL;N/A;REGION;53,7;24,4;21,9;46,3;;;
55;D25;DABAKALA;YES;DISTRICT;34,8;30,9;34,3;65,2;;;
56;D44;KATIOLA;YES;DISTRICT;79,3;11,7;9;20,7;;;
57;D53;Niakaramandougou;YES;DISTRICT;59,9;25,4;14,7;40,1;;;
58;R11;HAUT SASSANDRA;N/A;REGION;53,8;39,6;6,6;46,2;;;
59;D27;DALOA;YES;DISTRICT;54,6;39,9;5,5;45,4;;;
60;D42;ISSIA;YES;DISTRICT;52,2;39,9;7,8;47,8;;;
61;D72;VAVOUA;YES;DISTRICT;53,6;38,9;7,6;46,4;;;
62;R12;INDENIE DUABLIN;N/A;REGION;69,2;21,3;9,5;30,8;;;
63;D01;ABENGOUROU;YES;DISTRICT;79,6;11,9;8,5;20,4;;;
64;D07;AGNIBILEKROU;YES;DISTRICT;50,5;42,4;7,1;49,5;;;
65;D11;BETTIE;YES;DISTRICT;62,6;14,1;23,3;37,4;;;
66;R13;KABADOUGOU-BAFING-FOLON;N/A;REGION;49;29;22;51;;;
67;D51;MINIGNAN;YES;DISTRICT;57,9;26,4;15,7;42,1;;;
68;D54;ODIENNE;YES;DISTRICT;46,3;29;24,7;53,7;;;
69;D69;TOUBA;YES;DISTRICT;47;30,4;22,6;53;;;
70;R14;LÔH-DJIBOUA;N/A;REGION;69,1;26,5;4,3;30,9;;;
71;D32;DIVO;YES;DISTRICT;74,1;22,6;3,2;25,9;;;
72;D35;FRESCO;YES;DISTRICT;61,9;38,1;0;38,1;;;
73;D41;GUITRY;YES;DISTRICT;69,2;22,7;8,1;30,8;;;
74;D47;LAKOTA;YES;DISTRICT;63,3;31,1;5,6;36,7;;;
75;R15;MARAHOUE;N/A;REGION;65;28,1;7;35;;;
76;D16;BOUAFLE;YES;DISTRICT;71,8;27,8;0,4;28,2;;;
77;D62;SINFRA;YES;DISTRICT;46;33;21,1;54;;;
78;D75;ZUENOULA;YES;DISTRICT;73;23;3,9;27;;;
79;R16;N'ZI-IFFOU;N/A;REGION;61;26,4;12,6;39;;;
80;D14;BOCANDA;YES;DISTRICT;55,3;39,2;5,5;44,7;;;
81;D24;BONGOUANOU;YES;DISTRICT;76,2;21,3;2,5;23,8;;;
82;D29;DAOUKRO;YES;DISTRICT;45;35,8;19,3;55;;;
83;D31;DIMBOKRO;YES;DISTRICT;68,4;11,9;19,7;31,6;;;
84;D50;M'BAHIAKRO;YES;DISTRICT;43,4;22,1;34,4;56,6;;;
85;D57;PRIKRO;YES;DISTRICT;45,9;25,8;28,2;54,1;;;
86;R17;PORO-TCHOLOGO-BAGOUE;N/A;REGION;62,7;24,1;13,1;37,3;;;
87;D23;BOUNDIALI;YES;DISTRICT;69,4;21,4;9,2;30,6;;;
88;D34;FERKESSEDOUGOU;YES;DISTRICT;45,4;39,5;15,2;54,6;;;
89;D45;KORHOGO;YES;DISTRICT;72,4;19,3;8,2;27,6;;;
90;D55;OUANGOLODOUGOU;YES;DISTRICT;38,2;27,8;34;61,8;;;
91;D66;TENGRELA;YES;DISTRICT;70;23,3;6,7;30;;;
92;R18;SUD-COMOE;N/A;REGION;78,2;16,4;5,4;21,8;;;
93;D03;ABOISSO;YES;DISTRICT;70,9;23,7;5,4;29,1;;;
94;D04;ADIAKE;YES;DISTRICT;75,1;16,7;8,2;24,9;;;
95;D37;GRAND-BASSAM;YES;DISTRICT;93,4;3,7;2,9;6,6;;;
96;R19;TONKPI;N/A;REGION;64;26,5;9,5;36;;;
97;D12;BIANKOUMA;YES;DISTRICT;65,5;22,8;11,7;34,5;;;
98;D28;DANANE;YES;DISTRICT;60;34;6;40;;;
99;D48;MAN;YES;DISTRICT;65,4;18,1;16,5;34,6;;;
100;D74;ZOUAN-HOUNIEN;YES;DISTRICT;65,6;34,3;0,1;34,4;;;
101;R20;WORODOUGOU-BERE;N/A;REGION;51,2;28,9;19,9;48,8;;;
102;D49;MANKONO;YES;DISTRICT;39,9;35,9;24,2;60,1;;;
103;D60;SEGUELA;YES;DISTRICT;68,2;18,4;13,4;31,8;;;
104;P01;TOTAL CI;N/A;PAYS;67,3;23,1;9,6;32,7;;;
;;;;;;;;;;;
;;;;;;;;;;;
;;;;;;;;;;;
"[{""ORD"": 1,";"""CODE"": ""R02"",";"""ADM_NAME"": ""ABIDJAN 2"",";"""GEOLOC"": ""N/A"",";"""LEVEL"": ""REGION"",";"""FD1"": 88,5,";"""FD2"": 5,";"""FD3"": 6,5,";"""FD4"": 11,5},";;;
"{""ORD"": 2,";"""CODE"": ""D76"",";"""ADM_NAME"": ""ABOBO EST"",";"""GEOLOC"": ""YES"",";"""LEVEL"": ""DISTRICT"",";"""FD1"": 88,4,";"""FD2"": 7,8,";"""FD3"": 3,8,";"""FD4"": 11,6},";;;
"{""ORD"": 3,";"""CODE"": ""D77"",";"""ADM_NAME"": ""ABOBO OUEST"",";"""GEOLOC"": ""YES"",";"""LEVEL"": ""DISTRICT"",";"""FD1"": 100,";"""FD2"": 0,";"""FD3"": 0,";"""FD4"": 0},";;;
"{""ORD"": 4,";"""CODE"": ""D78"",";"""ADM_NAME"": ""ANYAMA"",";"""GEOLOC"": ""YES"",";"""LEVEL"": ""DISTRICT"",";"""FD1"": 88,9,";"""FD2"": 8,6,";"""FD3"": 2,5,";"""FD4"": 11,1},";;;
"{""ORD"": 5,";"""CODE"": ""D79"",";"""ADM_NAME"": ""COCODY BINGERVILLE"",";"""GEOLOC"": ""YES"",";"""LEVEL"": ""DISTRICT"",";"""FD1"": 70,1,";"""FD2"": 13,4,";"""FD3"": 16,5,";"""FD4"": 29,9},";;;
"{""ORD"": 6,";"""CODE"": ""D80"",";"""ADM_NAME"": ""KOUMASSI-PORT-BOUET-VRIDI"",";"""GEOLOC"": ""YES"",";"""LEVEL"": ""DISTRICT"",";"""FD1"": 93,9,";"""FD2"": 1,";"""FD3"": 5,1,";"""FD4"": 6,1},";;;
"{""ORD"": 7,";"""CODE"": ""D81"",";"""ADM_NAME"": ""MARCORY-TREICHVILLE"",";"""GEOLOC"": ""YES"",";"""LEVEL"": ""DISTRICT"",";"""FD1"": 93,4,";"""FD2"": 0,";"""FD3"": 6,6,";"""FD4"": 6,6},";;;
"{""ORD"": 8,";"""CODE"": ""R01"",";"""ADM_NAME"": ""ABIDJAN 1-GRANDS PONTS"",";"""GEOLOC"": ""N/A"",";"""LEVEL"": ""REGION"",";"""FD1"": 86,3,";"""FD2"": 5,";"""FD3"": 8,7,";"""FD4"": 13,7},";;;
"{""ORD"": 9,";"""CODE"": ""D82"",";"""ADM_NAME"": ""ADJAME-PLATEAU-ATTECOUBE"",";"""GEOLOC"": ""YES"",";"""LEVEL"": ""DISTRICT"",";"""FD1"": 100,";"""FD2"": 0,";"""FD3"": 0,";"""FD4"": 0},";;;
"{""ORD"": 10,";"""CODE"": ""D26"",";"""ADM_NAME"": ""DABOU"",";"""GEOLOC"": ""YES"",";"""LEVEL"": ""DISTRICT"",";"""FD1"": 80,5,";"""FD2"": 18,6,";"""FD3"": 1,";"""FD4"": 19,5},";;;
"{""ORD"": 11,";"""CODE"": ""D38"",";"""ADM_NAME"": ""GRAND-LAHOU"",";"""GEOLOC"": ""YES"",";"""LEVEL"": ""DISTRICT"",";"""FD1"": 51,1,";"""FD2"": 37,3,";"""FD3"": 11,6,";"""FD4"": 48,9},";;;
"{""ORD"": 12,";"""CODE"": ""D43"",";"""ADM_NAME"": ""JACQUEVILLE"",";"""GEOLOC"": ""YES"",";"""LEVEL"": ""DISTRICT"",";"""FD1"": 75,3,";"""FD2"": 23,7,";"""FD3"": 1,";"""FD4"": 24,7},";;;
"{""ORD"": 13,";"""CODE"": ""D83"",";"""ADM_NAME"": ""YOPOUGON-EST"",";"""GEOLOC"": ""YES"",";"""LEVEL"": ""DISTRICT"",";"""FD1"": 100,";"""FD2"": 0,";"""FD3"": 0,";"""FD4"": 0},";;;
"{""ORD"": 14,";"""CODE"": ""D84"",";"""ADM_NAME"": ""YOPOUGON-OUEST-SONGON"",";"""GEOLOC"": ""YES"",";"""LEVEL"": ""DISTRICT"",";"""FD1"": 67,2,";"""FD2"": 3,1,";"""FD3"": 29,7,";"""FD4"": 32,8},";;;
"{""ORD"": 15,";"""CODE"": ""R03"",";"""ADM_NAME"": ""AGNEBY-TIASSA-ME"",";"""GEOLOC"": ""N/A"",";"""LEVEL"": ""REGION"",";"""FD1"": 77,9,";"""FD2"": 15,1,";"""FD3"": 6,9,";"""FD4"": 22,1},";;;
"{""ORD"": 16,";"""CODE"": ""D05"",";"""ADM_NAME"": ""ADZOPE"",";"""GEOLOC"": ""YES"",";"""LEVEL"": ""DISTRICT"",";"""FD1"": 82,";"""FD2"": 17,1,";"""FD3"": 0,9,";"""FD4"": 18},";;;
"{""ORD"": 17,";"""CODE"": ""D06"",";"""ADM_NAME"": ""AGBOVILLE"",";"""GEOLOC"": ""YES"",";"""LEVEL"": ""DISTRICT"",";"""FD1"": 83,1,";"""FD2"": 12,5,";"""FD3"": 4,4,";"""FD4"": 16,9},";;;
"{""ORD"": 18,";"""CODE"": ""D08"",";"""ADM_NAME"": ""AKOUPE"",";"""GEOLOC"": ""YES"",";"""LEVEL"": ""DISTRICT"",";"""FD1"": 87,2,";"""FD2"": 10,3,";"""FD3"": 2,6,";"""FD4"": 12,8},";;;
"{""ORD"": 19,";"""CODE"": ""D09"",";"""ADM_NAME"": ""ALEPE"",";"""GEOLOC"": ""YES"",";"""LEVEL"": ""DISTRICT"",";"""FD1"": 80,9,";"""FD2"": 10,";"""FD3"": 9,";"""FD4"": 19,1},";;;
"{""ORD"": 20,";"""CODE"": ""D61"",";"""ADM_NAME"": ""SIKENSI"",";"""GEOLOC"": ""YES"",";"""LEVEL"": ""DISTRICT"",";"""FD1"": 73,8,";"""FD2"": 15,";"""FD3"": 11,2,";"""FD4"": 26,2},";;;
"{""ORD"": 21,";"""CODE"": ""D67"",";"""ADM_NAME"": ""TIASSALE"",";"""GEOLOC"": ""YES"",";"""LEVEL"": ""DISTRICT"",";"""FD1"": 60,6,";"""FD2"": 23,6,";"""FD3"": 15,8,";"""FD4"": 39,4},";;;
"{""ORD"": 22,";"""CODE"": ""R04"",";"""ADM_NAME"": ""BELIER"",";"""GEOLOC"": ""N/A"",";"""LEVEL"": ""REGION"",";"""FD1"": 72,8,";"""FD2"": 24,3,";"""FD3"": 2,9,";"""FD4"": 27,2},";;;
"{""ORD"": 23,";"""CODE"": ""D30"",";"""ADM_NAME"": ""DIDIEVI"",";"""GEOLOC"": ""YES"",";"""LEVEL"": ""DISTRICT"",";"""FD1"": 54,5,";"""FD2"": 43,8,";"""FD3"": 1,7,";"""FD4"": 45,5},";;;
"{""ORD"": 24,";"""CODE"": ""D68"",";"""ADM_NAME"": ""TIEBISSOU"",";"""GEOLOC"": ""YES"",";"""LEVEL"": ""DISTRICT"",";"""FD1"": 41,9,";"""FD2"": 48,6,";"""FD3"": 9,4,";"""FD4"": 58,1},";;;
"{""ORD"": 25,";"""CODE"": ""D71"",";"""ADM_NAME"": ""TOUMODI"",";"""GEOLOC"": ""YES"",";"""LEVEL"": ""DISTRICT"",";"""FD1"": 73,8,";"""FD2"": 20,7,";"""FD3"": 5,6,";"""FD4"": 26,2},";;;
"{""ORD"": 26,";"""CODE"": ""D73"",";"""ADM_NAME"": ""YAMOUSSOUKRO"",";"""GEOLOC"": ""YES"",";"""LEVEL"": ""DISTRICT"",";"""FD1"": 85,8,";"""FD2"": 14,";"""FD3"": 0,3,";"""FD4"": 14,2},";;;
"{""ORD"": 27,";"""CODE"": ""R05"",";"""ADM_NAME"": ""BOUNKANI-GONTOUGO"",";"""GEOLOC"": ""N/A"",";"""LEVEL"": ""REGION"",";"""FD1"": 57,7,";"""FD2"": 35,4,";"""FD3"": 6,9,";"""FD4"": 42,3},";;;
"{""ORD"": 28,";"""CODE"": ""D15"",";"""ADM_NAME"": ""BONDOUKOU"",";"""GEOLOC"": ""YES"",";"""LEVEL"": ""DISTRICT"",";"""FD1"": 65,4,";"""FD2"": 23,4,";"""FD3"": 11,2,";"""FD4"": 34,6},";;;
"{""ORD"": 29,";"""CODE"": ""D22"",";"""ADM_NAME"": ""BOUNA"",";"""GEOLOC"": ""YES"",";"""LEVEL"": ""DISTRICT"",";"""FD1"": 39,3,";"""FD2"": 58,5,";"""FD3"": 2,3,";"""FD4"": 60,7},";;;
"{""ORD"": 30,";"""CODE"": ""D52"",";"""ADM_NAME"": ""NASSIAN"",";"""GEOLOC"": ""YES"",";"""LEVEL"": ""DISTRICT"",";"""FD1"": 49,1,";"""FD2"": 31,";"""FD3"": 19,9,";"""FD4"": 50,9},";;;
"{""ORD"": 31,";"""CODE"": ""D65"",";"""ADM_NAME"": ""TANDA"",";"""GEOLOC"": ""YES"",";"""LEVEL"": ""DISTRICT"",";"""FD1"": 63,6,";"""FD2"": 33,9,";"""FD3"": 2,5,";"""FD4"": 36,4},";;;
"{""ORD"": 32,";"""CODE"": ""R06"",";"""ADM_NAME"": ""CAVALLY-GUEMON"",";"""GEOLOC"": ""N/A"",";"""LEVEL"": ""REGION"",";"""FD1"": 63,4,";"""FD2"": 28,6,";"""FD3"": 8,";"""FD4"": 36,6},";;;
"{""ORD"": 33,";"""CODE"": ""D10"",";"""ADM_NAME"": ""BANGOLO"",";"""GEOLOC"": ""YES"",";"""LEVEL"": ""DISTRICT"",";"""FD1"": 57,5,";"""FD2"": 33,3,";"""FD3"": 9,3,";"""FD4"": 42,5},";;;
"{""ORD"": 34,";"""CODE"": ""D13"",";"""ADM_NAME"": ""BLOLEQUIN"",";"""GEOLOC"": ""YES"",";"""LEVEL"": ""DISTRICT"",";"""FD1"": 60,5,";"""FD2"": 30,2,";"""FD3"": 9,3,";"""FD4"": 39,5},";;;
"{""ORD"": 35,";"""CODE"": ""D33"",";"""ADM_NAME"": ""DUEKOUE"",";"""GEOLOC"": ""YES"",";"""LEVEL"": ""DISTRICT"",";"""FD1"": 74,9,";"""FD2"": 21,";"""FD3"": 4,1,";"""FD4"": 25,1},";;;
"{""ORD"": 36,";"""CODE"": ""D40"",";"""ADM_NAME"": ""GUIGLO"",";"""GEOLOC"": ""YES"",";"""LEVEL"": ""DISTRICT"",";"""FD1"": 55,9,";"""FD2"": 34,8,";"""FD3"": 9,3,";"""FD4"": 44,1},";;;
"{""ORD"": 37,";"""CODE"": ""D46"",";"""ADM_NAME"": ""KOUIBLY"",";"""GEOLOC"": ""YES"",";"""LEVEL"": ""DISTRICT"",";"""FD1"": 60,3,";"""FD2"": 27,7,";"""FD3"": 12,";"""FD4"": 39,7},";;;
"{""ORD"": 38,";"""CODE"": ""D70"",";"""ADM_NAME"": ""TOULEPLEU"",";"""GEOLOC"": ""YES"",";"""LEVEL"": ""DISTRICT"",";"""FD1"": 65,";"""FD2"": 27,9,";"""FD3"": 7,1,";"""FD4"": 35},";;;
"{""ORD"": 39,";"""CODE"": ""R07"",";"""ADM_NAME"": ""GBEKE"",";"""GEOLOC"": ""N/A"",";"""LEVEL"": ""REGION"",";"""FD1"": 79,";"""FD2"": 13,7,";"""FD3"": 7,3,";"""FD4"": 21},";;;
"{""ORD"": 40,";"""CODE"": ""D20"",";"""ADM_NAME"": ""BEOUMI"",";"""GEOLOC"": ""YES"",";"""LEVEL"": ""DISTRICT"",";"""FD1"": 54,1,";"""FD2"": 30,1,";"""FD3"": 15,8,";"""FD4"": 45,9},";;;
"{""ORD"": 41,";"""CODE"": ""D17"",";"""ADM_NAME"": ""BOUAKE NORD-EST"",";"""GEOLOC"": ""YES"",";"""LEVEL"": ""DISTRICT"",";"""FD1"": 88,";"""FD2"": 9,";"""FD3"": 3,";"""FD4"": 12},";;;
"{""ORD"": 42,";"""CODE"": ""D18"",";"""ADM_NAME"": ""BOUAKE NORD-OUEST"",";"""GEOLOC"": ""YES"",";"""LEVEL"": ""DISTRICT"",";"""FD1"": 85,";"""FD2"": 7,";"""FD3"": 8,";"""FD4"": 15},";;;
"{""ORD"": 43,";"""CODE"": ""D19"",";"""ADM_NAME"": ""BOUAKE-SUD"",";"""GEOLOC"": ""YES"",";"""LEVEL"": ""DISTRICT"",";"""FD1"": 88,";"""FD2"": 9,";"""FD3"": 3,";"""FD4"": 12},";;;
"{""ORD"": 44,";"""CODE"": ""D21"",";"""ADM_NAME"": ""SAKASSOU"",";"""GEOLOC"": ""YES"",";"""LEVEL"": ""DISTRICT"",";"""FD1"": 57,1,";"""FD2"": 31,4,";"""FD3"": 11,5,";"""FD4"": 42,9},";;;
"{""ORD"": 45,";"""CODE"": ""R08"",";"""ADM_NAME"": ""GBOKLE-NAWA-SAN-PEDRO"",";"""GEOLOC"": ""N/A"",";"""LEVEL"": ""REGION"",";"""FD1"": 36,7,";"""FD2"": 49,7,";"""FD3"": 13,6,";"""FD4"": 63,3},";;;
"{""ORD"": 46,";"""CODE"": ""D39"",";"""ADM_NAME"": ""GUEYO"",";"""GEOLOC"": ""YES"",";"""LEVEL"": ""DISTRICT"",";"""FD1"": 21,2,";"""FD2"": 33,5,";"""FD3"": 45,2,";"""FD4"": 78,8},";;;
"{""ORD"": 47,";"""CODE"": ""D58"",";"""ADM_NAME"": ""SAN-PEDRO"",";"""GEOLOC"": ""YES"",";"""LEVEL"": ""DISTRICT"",";"""FD1"": 53,7,";"""FD2"": 32,6,";"""FD3"": 13,7,";"""FD4"": 46,3},";;;
"{""ORD"": 48,";"""CODE"": ""D59"",";"""ADM_NAME"": ""SASSANDRA"",";"""GEOLOC"": ""YES"",";"""LEVEL"": ""DISTRICT"",";"""FD1"": 42,5,";"""FD2"": 50,";"""FD3"": 7,5,";"""FD4"": 57,5},";;;
"{""ORD"": 49,";"""CODE"": ""D63"",";"""ADM_NAME"": ""SOUBRE"",";"""GEOLOC"": ""YES"",";"""LEVEL"": ""DISTRICT"",";"""FD1"": 23,3,";"""FD2"": 65,6,";"""FD3"": 11,1,";"""FD4"": 76,7},";;;
"{""ORD"": 50,";"""CODE"": ""D64"",";"""ADM_NAME"": ""TABOU"",";"""GEOLOC"": ""YES"",";"""LEVEL"": ""DISTRICT"",";"""FD1"": 46,3,";"""FD2"": 32,5,";"""FD3"": 21,2,";"""FD4"": 53,7},";;;
"{""ORD"": 51,";"""CODE"": ""R09"",";"""ADM_NAME"": ""GÔH"",";"""GEOLOC"": ""N/A"",";"""LEVEL"": ""REGION"",";"""FD1"": 66,7,";"""FD2"": 18,9,";"""FD3"": 14,3,";"""FD4"": 33,3},";;;
"{""ORD"": 52,";"""CODE"": ""D36"",";"""ADM_NAME"": ""GAGNOA"",";"""GEOLOC"": ""YES"",";"""LEVEL"": ""DISTRICT"",";"""FD1"": 65,5,";"""FD2"": 16,6,";"""FD3"": 17,9,";"""FD4"": 34,5},";;;
"{""ORD"": 53,";"""CODE"": ""D56"",";"""ADM_NAME"": ""OUME"",";"""GEOLOC"": ""YES"",";"""LEVEL"": ""DISTRICT"",";"""FD1"": 69,4,";"""FD2"": 24,";"""FD3"": 6,6,";"""FD4"": 30,6},";;;
"{""ORD"": 54,";"""CODE"": ""R10"",";"""ADM_NAME"": ""HAMBOL"",";"""GEOLOC"": ""N/A"",";"""LEVEL"": ""REGION"",";"""FD1"": 53,7,";"""FD2"": 24,4,";"""FD3"": 21,9,";"""FD4"": 46,3},";;;
"{""ORD"": 55,";"""CODE"": ""D25"",";"""ADM_NAME"": ""DABAKALA"",";"""GEOLOC"": ""YES"",";"""LEVEL"": ""DISTRICT"",";"""FD1"": 34,8,";"""FD2"": 30,9,";"""FD3"": 34,3,";"""FD4"": 65,2},";;;
"{""ORD"": 56,";"""CODE"": ""D44"",";"""ADM_NAME"": ""KATIOLA"",";"""GEOLOC"": ""YES"",";"""LEVEL"": ""DISTRICT"",";"""FD1"": 79,3,";"""FD2"": 11,7,";"""FD3"": 9,";"""FD4"": 20,7},";;;
"{""ORD"": 57,";"""CODE"": ""D53"",";"""ADM_NAME"": ""Niakaramandougou"",";"""GEOLOC"": ""YES"",";"""LEVEL"": ""DISTRICT"",";"""FD1"": 59,9,";"""FD2"": 25,4,";"""FD3"": 14,7,";"""FD4"": 40,1},";;;
"{""ORD"": 58,";"""CODE"": ""R11"",";"""ADM_NAME"": ""HAUT SASSANDRA"",";"""GEOLOC"": ""N/A"",";"""LEVEL"": ""REGION"",";"""FD1"": 53,8,";"""FD2"": 39,6,";"""FD3"": 6,6,";"""FD4"": 46,2},";;;
"{""ORD"": 59,";"""CODE"": ""D27"",";"""ADM_NAME"": ""DALOA"",";"""GEOLOC"": ""YES"",";"""LEVEL"": ""DISTRICT"",";"""FD1"": 54,6,";"""FD2"": 39,9,";"""FD3"": 5,5,";"""FD4"": 45,4},";;;
"{""ORD"": 60,";"""CODE"": ""D42"",";"""ADM_NAME"": ""ISSIA"",";"""GEOLOC"": ""YES"",";"""LEVEL"": ""DISTRICT"",";"""FD1"": 52,2,";"""FD2"": 39,9,";"""FD3"": 7,8,";"""FD4"": 47,8},";;;
"{""ORD"": 61,";"""CODE"": ""D72"",";"""ADM_NAME"": ""VAVOUA"",";"""GEOLOC"": ""YES"",";"""LEVEL"": ""DISTRICT"",";"""FD1"": 53,6,";"""FD2"": 38,9,";"""FD3"": 7,6,";"""FD4"": 46,4},";;;
"{""ORD"": 62,";"""CODE"": ""R12"",";"""ADM_NAME"": ""INDENIE DUABLIN"",";"""GEOLOC"": ""N/A"",";"""LEVEL"": ""REGION"",";"""FD1"": 69,2,";"""FD2"": 21,3,";"""FD3"": 9,5,";"""FD4"": 30,8},";;;
"{""ORD"": 63,";"""CODE"": ""D01"",";"""ADM_NAME"": ""ABENGOUROU"",";"""GEOLOC"": ""YES"",";"""LEVEL"": ""DISTRICT"",";"""FD1"": 79,6,";"""FD2"": 11,9,";"""FD3"": 8,5,";"""FD4"": 20,4},";;;
"{""ORD"": 64,";"""CODE"": ""D07"",";"""ADM_NAME"": ""AGNIBILEKROU"",";"""GEOLOC"": ""YES"",";"""LEVEL"": ""DISTRICT"",";"""FD1"": 50,5,";"""FD2"": 42,4,";"""FD3"": 7,1,";"""FD4"": 49,5},";;;
"{""ORD"": 65,";"""CODE"": ""D11"",";"""ADM_NAME"": ""BETTIE"",";"""GEOLOC"": ""YES"",";"""LEVEL"": ""DISTRICT"",";"""FD1"": 62,6,";"""FD2"": 14,1,";"""FD3"": 23,3,";"""FD4"": 37,4},";;;
"{""ORD"": 66,";"""CODE"": ""R13"",";"""ADM_NAME"": ""KABADOUGOU-BAFING-FOLON"",";"""GEOLOC"": ""N/A"",";"""LEVEL"": ""REGION"",";"""FD1"": 49,";"""FD2"": 29,";"""FD3"": 22,";"""FD4"": 51},";;;
"{""ORD"": 67,";"""CODE"": ""D51"",";"""ADM_NAME"": ""MINIGNAN"",";"""GEOLOC"": ""YES"",";"""LEVEL"": ""DISTRICT"",";"""FD1"": 57,9,";"""FD2"": 26,4,";"""FD3"": 15,7,";"""FD4"": 42,1},";;;
"{""ORD"": 68,";"""CODE"": ""D54"",";"""ADM_NAME"": ""ODIENNE"",";"""GEOLOC"": ""YES"",";"""LEVEL"": ""DISTRICT"",";"""FD1"": 46,3,";"""FD2"": 29,";"""FD3"": 24,7,";"""FD4"": 53,7},";;;
"{""ORD"": 69,";"""CODE"": ""D69"",";"""ADM_NAME"": ""TOUBA"",";"""GEOLOC"": ""YES"",";"""LEVEL"": ""DISTRICT"",";"""FD1"": 47,";"""FD2"": 30,4,";"""FD3"": 22,6,";"""FD4"": 53},";;;
"{""ORD"": 70,";"""CODE"": ""R14"",";"""ADM_NAME"": ""LÔH-DJIBOUA"",";"""GEOLOC"": ""N/A"",";"""LEVEL"": ""REGION"",";"""FD1"": 69,1,";"""FD2"": 26,5,";"""FD3"": 4,3,";"""FD4"": 30,9},";;;
"{""ORD"": 71,";"""CODE"": ""D32"",";"""ADM_NAME"": ""DIVO"",";"""GEOLOC"": ""YES"",";"""LEVEL"": ""DISTRICT"",";"""FD1"": 74,1,";"""FD2"": 22,6,";"""FD3"": 3,2,";"""FD4"": 25,9},";;;
"{""ORD"": 72,";"""CODE"": ""D35"",";"""ADM_NAME"": ""FRESCO"",";"""GEOLOC"": ""YES"",";"""LEVEL"": ""DISTRICT"",";"""FD1"": 61,9,";"""FD2"": 38,1,";"""FD3"": 0,";"""FD4"": 38,1},";;;
"{""ORD"": 73,";"""CODE"": ""D41"",";"""ADM_NAME"": ""GUITRY"",";"""GEOLOC"": ""YES"",";"""LEVEL"": ""DISTRICT"",";"""FD1"": 69,2,";"""FD2"": 22,7,";"""FD3"": 8,1,";"""FD4"": 30,8},";;;
"{""ORD"": 74,";"""CODE"": ""D47"",";"""ADM_NAME"": ""LAKOTA"",";"""GEOLOC"": ""YES"",";"""LEVEL"": ""DISTRICT"",";"""FD1"": 63,3,";"""FD2"": 31,1,";"""FD3"": 5,6,";"""FD4"": 36,7},";;;
"{""ORD"": 75,";"""CODE"": ""R15"",";"""ADM_NAME"": ""MARAHOUE"",";"""GEOLOC"": ""N/A"",";"""LEVEL"": ""REGION"",";"""FD1"": 65,";"""FD2"": 28,1,";"""FD3"": 7,";"""FD4"": 35},";;;
"{""ORD"": 76,";"""CODE"": ""D16"",";"""ADM_NAME"": ""BOUAFLE"",";"""GEOLOC"": ""YES"",";"""LEVEL"": ""DISTRICT"",";"""FD1"": 71,8,";"""FD2"": 27,8,";"""FD3"": 0,4,";"""FD4"": 28,2},";;;
"{""ORD"": 77,";"""CODE"": ""D62"",";"""ADM_NAME"": ""SINFRA"",";"""GEOLOC"": ""YES"",";"""LEVEL"": ""DISTRICT"",";"""FD1"": 46,";"""FD2"": 33,";"""FD3"": 21,1,";"""FD4"": 54},";;;
"{""ORD"": 78,";"""CODE"": ""D75"",";"""ADM_NAME"": ""ZUENOULA"",";"""GEOLOC"": ""YES"",";"""LEVEL"": ""DISTRICT"",";"""FD1"": 73,";"""FD2"": 23,";"""FD3"": 3,9,";"""FD4"": 27},";;;
"{""ORD"": 79,";"""CODE"": ""R16"",";"""ADM_NAME"": ""N'ZI-IFFOU"",";"""GEOLOC"": ""N/A"",";"""LEVEL"": ""REGION"",";"""FD1"": 61,";"""FD2"": 26,4,";"""FD3"": 12,6,";"""FD4"": 39},";;;
"{""ORD"": 80,";"""CODE"": ""D14"",";"""ADM_NAME"": ""BOCANDA"",";"""GEOLOC"": ""YES"",";"""LEVEL"": ""DISTRICT"",";"""FD1"": 55,3,";"""FD2"": 39,2,";"""FD3"": 5,5,";"""FD4"": 44,7},";;;
"{""ORD"": 81,";"""CODE"": ""D24"",";"""ADM_NAME"": ""BONGOUANOU"",";"""GEOLOC"": ""YES"",";"""LEVEL"": ""DISTRICT"",";"""FD1"": 76,2,";"""FD2"": 21,3,";"""FD3"": 2,5,";"""FD4"": 23,8},";;;
"{""ORD"": 82,";"""CODE"": ""D29"",";"""ADM_NAME"": ""DAOUKRO"",";"""GEOLOC"": ""YES"",";"""LEVEL"": ""DISTRICT"",";"""FD1"": 45,";"""FD2"": 35,8,";"""FD3"": 19,3,";"""FD4"": 55},";;;
"{""ORD"": 83,";"""CODE"": ""D31"",";"""ADM_NAME"": ""DIMBOKRO"",";"""GEOLOC"": ""YES"",";"""LEVEL"": ""DISTRICT"",";"""FD1"": 68,4,";"""FD2"": 11,9,";"""FD3"": 19,7,";"""FD4"": 31,6},";;;
"{""ORD"": 84,";"""CODE"": ""D50"",";"""ADM_NAME"": ""M'BAHIAKRO"",";"""GEOLOC"": ""YES"",";"""LEVEL"": ""DISTRICT"",";"""FD1"": 43,4,";"""FD2"": 22,1,";"""FD3"": 34,4,";"""FD4"": 56,6},";;;
"{""ORD"": 85,";"""CODE"": ""D57"",";"""ADM_NAME"": ""PRIKRO"",";"""GEOLOC"": ""YES"",";"""LEVEL"": ""DISTRICT"",";"""FD1"": 45,9,";"""FD2"": 25,8,";"""FD3"": 28,2,";"""FD4"": 54,1},";;;
"{""ORD"": 86,";"""CODE"": ""R17"",";"""ADM_NAME"": ""PORO-TCHOLOGO-BAGOUE"",";"""GEOLOC"": ""N/A"",";"""LEVEL"": ""REGION"",";"""FD1"": 62,7,";"""FD2"": 24,1,";"""FD3"": 13,1,";"""FD4"": 37,3},";;;
"{""ORD"": 87,";"""CODE"": ""D23"",";"""ADM_NAME"": ""BOUNDIALI"",";"""GEOLOC"": ""YES"",";"""LEVEL"": ""DISTRICT"",";"""FD1"": 69,4,";"""FD2"": 21,4,";"""FD3"": 9,2,";"""FD4"": 30,6},";;;
"{""ORD"": 88,";"""CODE"": ""D34"",";"""ADM_NAME"": ""FERKESSEDOUGOU"",";"""GEOLOC"": ""YES"",";"""LEVEL"": ""DISTRICT"",";"""FD1"": 45,4,";"""FD2"": 39,5,";"""FD3"": 15,2,";"""FD4"": 54,6},";;;
"{""ORD"": 89,";"""CODE"": ""D45"",";"""ADM_NAME"": ""KORHOGO"",";"""GEOLOC"": ""YES"",";"""LEVEL"": ""DISTRICT"",";"""FD1"": 72,4,";"""FD2"": 19,3,";"""FD3"": 8,2,";"""FD4"": 27,6},";;;
"{""ORD"": 90,";"""CODE"": ""D55"",";"""ADM_NAME"": ""OUANGOLODOUGOU"",";"""GEOLOC"": ""YES"",";"""LEVEL"": ""DISTRICT"",";"""FD1"": 38,2,";"""FD2"": 27,8,";"""FD3"": 34,";"""FD4"": 61,8},";;;
"{""ORD"": 91,";"""CODE"": ""D66"",";"""ADM_NAME"": ""TENGRELA"",";"""GEOLOC"": ""YES"",";"""LEVEL"": ""DISTRICT"",";"""FD1"": 70,";"""FD2"": 23,3,";"""FD3"": 6,7,";"""FD4"": 30},";;;
"{""ORD"": 92,";"""CODE"": ""R18"",";"""ADM_NAME"": ""SUD-COMOE"",";"""GEOLOC"": ""N/A"",";"""LEVEL"": ""REGION"",";"""FD1"": 78,2,";"""FD2"": 16,4,";"""FD3"": 5,4,";"""FD4"": 21,8},";;;
"{""ORD"": 93,";"""CODE"": ""D03"",";"""ADM_NAME"": ""ABOISSO"",";"""GEOLOC"": ""YES"",";"""LEVEL"": ""DISTRICT"",";"""FD1"": 70,9,";"""FD2"": 23,7,";"""FD3"": 5,4,";"""FD4"": 29,1},";;;
"{""ORD"": 94,";"""CODE"": ""D04"",";"""ADM_NAME"": ""ADIAKE"",";"""GEOLOC"": ""YES"",";"""LEVEL"": ""DISTRICT"",";"""FD1"": 75,1,";"""FD2"": 16,7,";"""FD3"": 8,2,";"""FD4"": 24,9},";;;
"{""ORD"": 95,";"""CODE"": ""D37"",";"""ADM_NAME"": ""GRAND-BASSAM"",";"""GEOLOC"": ""YES"",";"""LEVEL"": ""DISTRICT"",";"""FD1"": 93,4,";"""FD2"": 3,7,";"""FD3"": 2,9,";"""FD4"": 6,6},";;;
"{""ORD"": 96,";"""CODE"": ""R19"",";"""ADM_NAME"": ""TONKPI"",";"""GEOLOC"": ""N/A"",";"""LEVEL"": ""REGION"",";"""FD1"": 64,";"""FD2"": 26,5,";"""FD3"": 9,5,";"""FD4"": 36},";;;
"{""ORD"": 97,";"""CODE"": ""D12"",";"""ADM_NAME"": ""BIANKOUMA"",";"""GEOLOC"": ""YES"",";"""LEVEL"": ""DISTRICT"",";"""FD1"": 65,5,";"""FD2"": 22,8,";"""FD3"": 11,7,";"""FD4"": 34,5},";;;
"{""ORD"": 98,";"""CODE"": ""D28"",";"""ADM_NAME"": ""DANANE"",";"""GEOLOC"": ""YES"",";"""LEVEL"": ""DISTRICT"",";"""FD1"": 60,";"""FD2"": 34,";"""FD3"": 6,";"""FD4"": 40},";;;
"{""ORD"": 99,";"""CODE"": ""D48"",";"""ADM_NAME"": ""MAN"",";"""GEOLOC"": ""YES"",";"""LEVEL"": ""DISTRICT"",";"""FD1"": 65,4,";"""FD2"": 18,1,";"""FD3"": 16,5,";"""FD4"": 34,6},";;;
"{""ORD"": 100,";"""CODE"": ""D74"",";"""ADM_NAME"": ""ZOUAN-HOUNIEN"",";"""GEOLOC"": ""YES"",";"""LEVEL"": ""DISTRICT"",";"""FD1"": 65,6,";"""FD2"": 34,3,";"""FD3"": 0,1,";"""FD4"": 34,4},";;;
"{""ORD"": 101,";"""CODE"": ""R20"",";"""ADM_NAME"": ""WORODOUGOU-BERE"",";"""GEOLOC"": ""N/A"",";"""LEVEL"": ""REGION"",";"""FD1"": 51,2,";"""FD2"": 28,9,";"""FD3"": 19,9,";"""FD4"": 48,8},";;;
"{""ORD"": 102,";"""CODE"": ""D49"",";"""ADM_NAME"": ""MANKONO"",";"""GEOLOC"": ""YES"",";"""LEVEL"": ""DISTRICT"",";"""FD1"": 39,9,";"""FD2"": 35,9,";"""FD3"": 24,2,";"""FD4"": 60,1},";;;
"{""ORD"": 103,";"""CODE"": ""D60"",";"""ADM_NAME"": ""SEGUELA"",";"""GEOLOC"": ""YES"",";"""LEVEL"": ""DISTRICT"",";"""FD1"": 68,2,";"""FD2"": 18,4,";"""FD3"": 13,4,";"""FD4"": 31,8},";;;
"{""ORD"": 104,";"""CODE"": ""P01"",";"""ADM_NAME"": ""TOTAL CI"",";"""GEOLOC"": ""N/A"",";"""LEVEL"": ""PAYS"",";"""FD1"": 67,3,";"""FD2"": 23,1,";"""FD3"": 9,6,";"""FD4"": 32,7}]";;;
;;;;;;;;;;;
;;;;;;;;;;;
;;;;;;;;;;;
;;;;;;;;;;;
;;;;;;;;;;;
;;;FLD1; Ratio Population par Médecin;;;;;;;
;;;FLD2;Ratio Médecin par Population;;;;;;;
;;;FLD3;Ratio population par Infirmier;;;;;;;
;;;FLD4;Ratio Infirmier par population;;;;;;;
;;;FLD5;Ratio Femme en âge de reproduction par Sage-femme;;;;;;;
;;;FLD6;Ratio Sagefemme par Femme en âge de reproduction;;;;;;;
